email,recorded_at
amy.wilson@pugetsoundplumbing.com,2026-03-11T14:42:24.545291
amy@pugetsoundplumbing.com,2026-03-11T14:42:24.545291
amywilson@pugetsoundplumbing.com,2026-03-11T14:42:24.545291
david.kim@soundstaffing.com,2026-03-11T14:42:24.545291
david@soundstaffing.com,2026-03-11T14:42:24.545291
davidkim@soundstaffing.com,2026-03-11T14:42:24.545291
james.wilson@pugetsoundplumbing.com,2026-03-11T14:42:24.545291
james@pugetsoundplumbing.com,2026-03-11T14:42:24.545291
jameswilson@pugetsoundplumbing.com,2026-03-11T14:42:24.545291
jennifer.kim@soundstaffing.com,2026-03-11T14:42:24.545291
jennifer@soundstaffing.com,2026-03-11T14:42:24.545291
jenniferkim@soundstaffing.com,2026-03-11T14:42:24.545291
john.peterson@emeraldcityroofing.com,2026-03-11T14:42:24.545291
john@emeraldcityroofing.com,2026-03-11T14:42:24.545291
johnpeterson@emeraldcityroofing.com,2026-03-11T14:42:24.545291
lisa.wang@pacificnorthwestelectric.com,2026-03-11T14:42:24.545291
lisa@pacificnorthwestelectric.com,2026-03-11T14:42:24.545291
lisawang@pacificnorthwestelectric.com,2026-03-11T14:42:24.545291
maria.torres@cascadebuilding.com,2026-03-11T14:42:24.545291
maria@cascadebuilding.com,2026-03-11T14:42:24.545291
mariatorres@cascadebuilding.com,2026-03-11T14:42:24.545291
michael.chen@pacificnorthwestelectric.com,2026-03-11T14:42:24.545291
michael@pacificnorthwestelectric.com,2026-03-11T14:42:24.545291
michaelchen@pacificnorthwestelectric.com,2026-03-11T14:42:24.545291
robert.torres@cascadebuilding.com,2026-03-11T14:42:24.545291
robert@cascadebuilding.com,2026-03-11T14:42:24.545291
roberttorres@cascadebuilding.com,2026-03-11T14:42:24.545291
sarah.peterson@emeraldcityroofing.com,2026-03-11T14:42:24.545291
sarah@emeraldcityroofing.com,2026-03-11T14:42:24.545291
sarahpeterson@emeraldcityroofing.com,2026-03-11T14:42:24.545291
