company_name,registered_date,website,domain,officers,opencorp_url,company_number,jurisdiction_code,current_status,registered_address,signal_tag,collected_date,domain,headcount_estimate,headcount_method,headcount_pass,lawsuits_found,lawsuits_count,lawsuits_sample,lawsuits_query_status,lawsuits_http_status,lawsuits_error,rebrand_flag,rebrand_reason,rebrand_sample,rebrand_query_status,rebrand_http_status,rebrand_scan_status,rebrand_error,hiring_flag,hiring_reason,hiring_sample,hiring_query_status,hiring_http_status,hiring_error,website_refresh_flag,website_refresh_reason,website_refresh_sample,website_refresh_status,website_refresh_error
Emerald City Roofing LLC,2025-01-15,,,,,,,,,new_business,2026-03-10,,,,FALSE,FALSE,0,,ok_no_match,202,v4=no_api_key; DDG found no matches,FALSE,,,both_failed,,no_domain,opencorp:both_failed:API=auth_blocked; HTML=html_http_error: HTML scrape HTTP 403,FALSE,,,no_domain,,no domain available,FALSE,,,no_domain,no domain available
Pacific Northwest Electric Inc,2024-09-20,https://pacificnorthwestelectric.com,pacificnorthwestelectric.com,,,,,,,new_business,2026-03-10,pacificnorthwestelectric.com,,,FALSE,FALSE,0,,ok_no_match,202,v4=no_api_key; DDG found no matches,FALSE,,,both_failed,,request_error,"opencorp:both_failed:API=auth_blocked; HTML=html_http_error: HTML scrape HTTP 403 | website:request_error:HTTPSConnectionPool(host='pacificnorthwestelectric.com', port=443): Max retries exceeded with url: / (Caused by SSLError(SSLError(1, '[SSL: TLSV1_ALERT_INTERNAL_ERROR] tlsv1 alert internal error (_ssl.c:1000)')))",FALSE,,,request_error,,"HTTPSConnectionPool(host='pacificnorthwestelectric.com', port=443): Max retries exceeded with url: /careers (Caused by SSLError(SSLError(1, '[SSL: TLSV1_ALERT_INTERNAL_ERROR] tlsv1 alert internal error (_ssl.c:1000)')))",FALSE,,,request_error,"can't compare offset-naive and offset-aware datetimes | HTTPSConnectionPool(host='pacificnorthwestelectric.com', port=443): Max retries exceeded with url: / (Caused by SSLError(SSLError(1, '[SSL: TLSV1_ALERT_INTERNAL_ERROR] tlsv1 alert internal error (_ssl.c:1000)')))"
Cascade Building Services LLC,2024-11-01,,,,,,,,,new_business,2026-03-10,,,,FALSE,FALSE,0,,ok_no_match,202,v4=no_api_key; DDG found no matches,FALSE,,,both_failed,,no_domain,opencorp:both_failed:API=auth_blocked; HTML=html_http_error: HTML scrape HTTP 403,FALSE,,,no_domain,,no domain available,FALSE,,,no_domain,no domain available
Sound Transit Staffing Group LLC,2025-03-01,,,,,,,,,new_business,2026-03-10,,,,FALSE,FALSE,0,,ok_no_match,202,v4=no_api_key; DDG found no matches,FALSE,,,both_failed,,no_domain,opencorp:both_failed:API=auth_blocked; HTML=html_http_error: HTML scrape HTTP 403,FALSE,,,no_domain,,no domain available,FALSE,,,no_domain,no domain available
Puget Sound Plumbing Co,2024-06-10,https://pugetsoundplumbing.com,pugetsoundplumbing.com,,,,,,,new_business;active_hiring;website_refresh,2026-03-10,pugetsoundplumbing.com,4,https://pugetsoundplumbing.com/about-us,FALSE,FALSE,0,,ok_no_match,202,v4=no_api_key; DDG found no matches,FALSE,,,both_failed,,ok_no_keyword,opencorp:both_failed:API=auth_blocked; HTML=html_http_error: HTML scrape HTTP 403,TRUE,careers page/job posting,"https://pugetsoundplumbing.com/careers | the plumbing industry, see our openings here."" />
	<link rel=""canonical"" href=""/careers/"" />
	<meta property=""og:locale"" content=""en_us"" />
	<meta property=""og:type"" content=""article"" />
	<meta proper",match,200,,TRUE,recent HTTP Last-Modified,"Tue, 10 Mar 2026 00:40:53 GMT",match_http,can't compare offset-naive and offset-aware datetimes
